,Team,Season,Goals For,Total Shots,Total PIM,Avg Age,Team +/-,Sum OPS,Sum DPS,Highest Scorer PTS,Highest G,Highest A,GP,Playoffs
26,ANA,2006,251,2585,1445,28.2,126,39.3,43.4,90,40,51,82,1
17,ARI,2006,242,2318,1493,27.1,-135,36.0,32.1,66,30,41,82,0
2,BOS,2006,228,2511,1162,27.7,-70,30.8,32.7,73,31,43,82,0
11,BUF,2006,276,2510,1144,25.9,-8,47.5,40.0,73,30,51,82,1
25,CAR,2006,286,2553,1107,28.0,41,50.7,34.4,100,45,55,82,1
4,CBJ,2006,215,2250,1396,26.7,-165,25.9,28.400000000000002,65,31,43,81,0
29,CGY,2006,216,2299,1464,27.6,73,26.7,52.8,67,35,34,82,1
24,CHI,2006,209,2480,1518,25.5,-160,23.7,28.7,59,26,33,82,0
28,COL,2006,280,2464,1152,29.0,32,50.9,36.7,87,32,55,82,1
3,DAL,2006,253,2336,1484,28.6,134,40.2,49.0,77,33,58,82,1
15,DET,2006,301,2796,1103,29.8,302,57.5,50.4,87,40,64,82,1
5,EDM,2006,249,2442,1182,27.3,-43,38.4,39.8,77,36,58,82,1
8,FLA,2006,236,2724,1255,27.1,52,33.5,33.5,89,38,51,82,0
18,LAK,2006,243,2394,1440,27.1,-25,36.1,32.4,67,26,50,81,0
6,MIN,2006,226,2194,1189,26.8,-50,29.599999999999998,45.8,79,38,45,82,0
10,MTL,2006,241,2470,1314,26.8,-17,36.3,38.7,65,30,45,82,1
0,NJD,2006,233,2395,938,29.4,-42,31.9,44.0,89,48,51,82,1
27,NSH,2006,253,2380,1517,26.9,84,39.9,42.5,85,31,54,82,1
12,NYI,2006,221,2481,1248,26.2,-160,28.2,29.9,66,35,39,82,0
7,NYR,2006,250,2448,1182,26.6,171,38.8,47.9,123,54,69,82,1
23,OTT,2006,312,2811,1442,26.4,358,62.4,49.1,103,50,71,82,1
19,PHI,2006,263,2552,1187,27.0,109,43.3,35.8,79,47,56,82,1
14,PIT,2006,243,2297,1539,27.7,-243,36.4,19.4,102,39,63,81,0
20,SJS,2006,265,2483,1044,26.0,73,43.5,41.4,93,56,72,82,1
13,STL,2006,193,2335,1355,28.1,-419,17.3,26.0,49,22,33,80,0
9,TBL,2006,246,2594,937,27.8,-109,36.3,36.0,91,35,68,82,1
1,TOR,2006,254,2323,1378,27.7,-105,40.7,32.5,78,31,58,82,0
16,VAN,2006,252,2358,1465,27.4,-26,40.0,36.5,79,33,57,82,0
22,WPG,2006,276,2522,1318,27.7,18,48.0,30.900000000000002,98,52,69,82,0
21,WSH,2006,230,2445,1473,26.0,-137,31.1,21.3,106,52,54,82,0
54,ANA,2007,254,2582,1427,27.6,131,45.0,47.8,94,48,54,82,1
47,ARI,2007,211,2320,1417,27.3,-227,28.9,24.5,55,27,33,82,0
32,BOS,2007,210,2370,1232,26.2,-328,27.8,22.2,96,28,74,82,0
41,BUF,2007,298,2417,1182,25.6,299,61.3,35.9,95,43,63,82,1
56,CAR,2007,241,2559,1007,28.5,-84,39.0,33.6,83,33,56,82,0
34,CBJ,2007,196,2273,1337,26.2,-140,22.5,35.0,64,27,48,82,0
59,CGY,2007,255,2242,1182,27.6,191,45.4,40.699999999999996,94,39,59,81,1
55,CHI,2007,195,2201,1316,25.9,-112,22.3,32.1,57,25,32,82,0
58,COL,2007,267,2603,864,28.4,42,49.9,34.1,100,36,64,82,0
33,DAL,2007,217,2296,1111,28.6,12,30.5,52.3,59,26,42,82,1
45,DET,2007,252,2771,958,29.5,264,44.0,51.800000000000004,87,33,60,82,1
35,EDM,2007,192,2193,1263,25.8,-251,20.2,34.3,53,31,40,82,0
38,FLA,2007,245,2730,1163,27.3,58,41.9,32.8,91,39,52,82,0
48,LAK,2007,223,2542,1215,27.7,-223,33.2,25.0,80,35,46,82,0
36,MIN,2007,225,2431,850,27.0,66,33.7,51.4,64,31,39,82,1
40,MTL,2007,239,2426,1119,26.9,-166,40.6,31.8,75,30,53,82,0
30,NJD,2007,206,2354,822,27.6,-67,25.2,48.4,69,31,48,82,1
57,NSH,2007,266,2261,1155,26.6,202,49.6,43.9,76,27,52,82,1
42,NYI,2007,240,2459,1038,28.4,95,39.8,35.6,69,40,38,82,1
37,NYR,2007,233,2586,1087,27.5,55,36.5,44.3,96,30,66,82,1
53,OTT,2007,286,2651,1161,26.2,294,58.2,42.4,105,50,58,82,1
49,PHI,2007,213,2361,1285,26.5,-372,29.3,18.6,68,41,39,82,0
44,PIT,2007,267,2366,1211,27.2,19,49.9,35.1,120,36,84,82,1
50,SJS,2007,256,2346,939,26.6,92,45.9,50.7,114,37,92,82,1
43,STL,2007,208,2202,1203,27.7,-22,27.2,33.5,59,28,43,82,0
39,TBL,2007,243,2418,891,27.5,-113,39.9,32.2,108,52,59,82,1
31,TOR,2007,254,2681,1127,27.5,37,45.8,30.2,76,27,49,82,0
46,VAN,2007,217,2405,1190,27.1,28,30.7,48.2,84,36,71,82,1
52,WPG,2007,239,2438,1071,29.4,33,38.4,34.8,100,43,57,82,1
51,WSH,2007,234,2295,1217,26.0,-145,37.5,23.5,92,46,46,82,0
84,ANA,2008,197,2241,1465,28.6,94,28.0,48.6,82,29,58,82,1
77,ARI,2008,209,2500,1175,25.9,-97,31.9,34.8,78,28,50,82,0
62,BOS,2008,206,2339,1051,26.8,31,31.0,37.8,78,27,63,82,1
71,BUF,2008,251,2478,990,26.2,32,48.7,32.8,81,36,53,82,0
86,CAR,2008,250,2669,1165,28.5,-2,48.3,29.8,82,38,44,82,0
64,CBJ,2008,190,2381,1303,26.1,-55,24.5,40.3,69,38,35,82,0
89,CGY,2008,226,2316,1328,28.7,65,39.7,37.1,98,50,48,82,1
85,CHI,2008,234,2298,1371,25.4,49,43.5,35.300000000000004,72,36,51,82,0
88,COL,2008,224,2349,973,28.1,73,37.5,40.2,71,29,47,82,1
63,DAL,2008,237,2187,1162,27.8,85,43.5,44.4,83,32,56,82,1
75,DET,2008,252,2820,933,29.5,235,50.0,53.2,97,43,66,82,1
65,EDM,2008,220,2156,1149,25.7,-156,36.2,28.9,71,23,51,82,0
68,FLA,2008,211,2549,1002,26.9,-19,32.7,35.2,71,34,37,82,0
78,LAK,2008,226,2349,930,26.9,-179,39.6,24.6,77,33,45,82,0
66,MIN,2008,220,2218,1086,28.0,-22,36.699999999999996,38.9,83,42,50,82,1
70,MTL,2008,257,2383,1072,26.5,51,52.5,37.6,84,35,49,82,1
60,NJD,2008,198,2362,956,28.0,27,27.0,46.8,65,32,35,82,1
87,NSH,2008,227,2425,1015,27.6,-6,39.9,36.1,72,29,44,81,1
72,NYI,2008,189,2435,1023,27.0,-162,23.8,31.7,49,23,29,82,0
67,NYR,2008,205,2579,1142,26.7,38,30.5,47.1,71,25,54,82,1
83,OTT,2008,258,2471,1153,27.1,114,53.1,30.900000000000002,92,41,58,82,1
79,PHI,2008,245,2359,1457,26.9,-27,46.800000000000004,33.6,75,31,47,82,1
74,PIT,2008,240,2269,1155,27.0,86,45.6,39.5,106,47,59,82,1
80,SJS,2008,216,2428,1061,26.8,-3,35.1,50.3,96,29,67,82,1
73,STL,2008,202,2141,1137,27.2,-111,29.2,34.8,65,43,49,82,0
69,TBL,2008,221,2354,1022,27.3,-250,36.8,25.2,92,40,58,82,0
61,TOR,2008,228,2542,1079,27.2,-68,40.0,27.400000000000002,78,32,46,82,0
76,VAN,2008,207,2252,1458,27.0,2,30.900000000000002,40.8,76,29,61,82,0
82,WPG,2008,207,2115,1057,27.9,-206,30.599999999999998,22.2,87,52,35,82,0
81,WSH,2008,238,2538,953,27.1,57,43.300000000000004,36.0,112,65,55,82,1
114,ANA,2009,238,2481,1418,27.8,29,40.4,36.9,91,32,66,82,1
107,ARI,2009,205,2302,1074,25.6,-138,26.5,32.300000000000004,73,31,42,82,0
92,BOS,2009,270,2482,1016,27.0,290,52.6,48.4,88,36,63,82,1
101,BUF,2009,242,2505,1105,26.9,-11,41.3,37.5,70,40,46,82,0
116,CAR,2009,236,2675,786,27.4,-4,39.1,40.7,77,40,53,82,1
94,CBJ,2009,220,2370,1207,26.1,73,33.0,40.6,79,40,39,82,1
119,CGY,2009,251,2643,1281,26.9,8,45.5,34.5,89,39,54,82,1
115,CHI,2009,260,2683,1129,25.3,202,48.4,44.3,77,34,48,82,1
118,COL,2009,190,2359,1044,27.5,-250,20.9,32.1,59,27,33,82,0
93,DAL,2009,224,2370,1134,27.8,-63,33.4,32.3,78,36,56,82,0
105,DET,2009,289,2965,810,30.3,153,59.6,36.300000000000004,97,40,65,82,1
95,EDM,2009,228,2303,1227,26.5,0,36.5,33.5,66,23,43,82,0
98,FLA,2009,231,2412,884,27.2,31,36.7,36.8,61,31,47,82,0
108,LAK,2009,202,2383,1191,25.6,-172,26.2,39.5,66,32,39,82,0
96,MIN,2009,214,2257,869,26.5,-72,31.1,47.7,67,25,47,82,0
100,MTL,2009,242,2461,1223,27.6,-38,41.4,33.5,65,26,52,81,1
90,NJD,2009,238,2698,1038,29.1,182,39.5,45.6,94,45,49,82,1
117,NSH,2009,207,2375,982,27.4,-87,28.0,38.7,65,33,49,82,0
102,NYI,2009,198,2372,1198,26.8,-292,23.9,24.0,56,18,40,74,0
97,NYR,2009,200,2658,1175,26.5,-109,25.1,43.0,58,24,42,82,1
113,OTT,2009,213,2405,1084,27.4,-113,29.0,37.5,74,39,50,82,0
109,PHI,2009,260,2441,1408,25.8,99,48.699999999999996,36.3,84,46,50,82,1
104,PIT,2009,258,2381,1106,27.1,102,47.7,36.8,113,35,78,82,1
110,SJS,2009,251,2720,1037,28.0,78,45.1,48.7,86,38,61,82,1
103,STL,2009,227,2271,1226,26.0,-83,35.0,39.0,72,33,39,82,1
99,TBL,2009,207,2338,1280,26.8,-175,26.8,24.3,80,30,50,82,0
91,TOR,2009,244,2603,1113,27.2,-133,42.4,21.7,63,25,40,82,0
106,VAN,2009,243,2335,1323,27.5,146,42.1,42.4,82,31,60,82,1
112,WPG,2009,250,2306,1244,26.7,-57,44.5,24.099999999999998,91,43,51,82,0
111,WSH,2009,268,2748,1021,26.9,87,51.0,35.1,110,56,66,82,1
144,ANA,2010,233,2472,1317,27.4,-43,40.9,30.099999999999998,76,35,50,82,0
137,ARI,2010,211,2502,905,27.6,80,31.8,46.5,55,24,37,82,1
122,BOS,2010,196,2599,929,26.9,-17,25.5,46.9,52,22,37,82,1
131,BUF,2010,231,2588,902,26.8,49,40.0,43.5,69,28,48,82,1
146,CAR,2010,226,2402,944,27.7,-114,37.5,29.7,70,30,41,82,0
124,CBJ,2010,214,2338,1070,25.9,-151,33.199999999999996,29.0,67,33,40,82,0
149,CGY,2010,201,2350,1129,28.1,35,28.3,44.3,69,32,37,82,0
145,CHI,2010,262,2798,908,26.2,215,54.2,48.300000000000004,88,30,58,82,1
148,COL,2010,237,2287,1001,26.5,46,42.1,35.9,79,28,59,81,1
123,DAL,2010,230,2524,955,26.8,-58,38.3,29.9,91,29,67,82,0
135,DET,2010,223,2737,707,29.6,-7,36.3,42.4,70,27,47,82,1
125,EDM,2010,206,2321,1115,26.4,-291,29.8,20.8,63,32,31,82,0
128,FLA,2010,202,2331,961,26.2,-109,28.900000000000002,32.0,60,28,37,82,0
138,LAK,2010,231,2389,963,25.7,69,39.9,42.3,81,34,47,82,1
126,MIN,2010,214,2266,914,26.6,-167,33.1,33.1,71,25,49,82,0
130,MTL,2010,210,2346,920,26.1,-60,31.8,39.1,70,28,47,82,1
120,NJD,2010,216,2459,843,27.9,95,33.5,50.5,82,38,44,82,1
147,NSH,2010,217,2508,698,26.7,28,34.4,39.6,51,30,34,82,1
132,NYI,2010,214,2493,928,26.8,-118,32.6,26.8,54,30,38,82,0
127,NYR,2010,219,2425,1137,27.1,-11,35.0,40.9,86,42,44,82,0
143,OTT,2010,220,2436,1115,27.0,-67,35.6,36.1,71,25,51,82,1
139,PHI,2010,232,2589,1350,26.5,-16,41.1,39.8,62,33,45,82,1
134,PIT,2010,249,2688,1183,26.8,40,47.6,36.199999999999996,109,51,58,82,1
140,SJS,2010,257,2602,1137,27.2,145,50.800000000000004,41.4,89,44,69,82,1
133,STL,2010,218,2445,1296,27.0,-45,34.3,39.3,57,24,33,82,0
129,TBL,2010,213,2367,1357,26.2,-184,32.3,28.099999999999998,95,51,65,82,0
121,TOR,2010,210,2671,1071,26.4,-123,31.400000000000002,27.1,55,30,42,82,0
136,VAN,2010,268,2534,1261,27.6,189,55.5,40.1,112,35,83,82,1
142,WPG,2010,230,2409,1045,27.6,-69,39.6,28.8,67,31,44,82,0
141,WSH,2010,313,2693,920,27.4,384,72.7,36.3,109,50,68,82,1
174,ANA,2011,235,2334,1158,27.9,-67,43.3,34.7,98,50,57,82,1
167,ARI,2011,226,2486,851,27.7,123,38.9,36.7,60,20,48,82,1
152,BOS,2011,244,2696,1105,27.0,284,46.1,45.6,62,30,49,81,1
161,BUF,2011,240,2690,942,27.3,37,44.3,36.6,73,32,41,82,1
176,CAR,2011,231,2517,821,26.0,-39,41.1,32.9,76,33,43,82,0
154,CBJ,2011,210,2506,1099,26.4,-108,32.3,28.6,66,32,34,82,0
179,CGY,2011,241,2501,818,28.8,0,45.1,35.4,86,43,47,82,0
175,CHI,2011,252,2637,720,26.1,92,49.7,39.199999999999996,76,34,46,82,1
178,COL,2011,221,2394,1055,25.7,-203,37.2,19.1,67,27,40,80,0
153,DAL,2011,222,2269,1052,27.1,-43,36.5,35.6,77,33,52,82,0
165,DET,2011,257,2757,748,29.7,26,52.0,33.5,80,28,56,82,1
155,EDM,2011,191,2188,1250,25.8,-212,24.8,24.6,43,22,28,82,0
158,FLA,2011,191,2493,694,27.0,-137,24.3,36.3,49,23,28,82,0
168,LAK,2011,209,2363,938,25.7,22,32.1,47.699999999999996,73,28,48,82,1
156,MIN,2011,203,2148,969,26.6,-133,29.5,34.9,62,22,45,82,0
160,MTL,2011,213,2602,1069,27.1,-3,34.1,42.800000000000004,57,29,35,82,1
150,NJD,2011,171,2344,747,27.2,-155,15.9,44.5,62,31,41,82,0
177,NSH,2011,213,2362,694,26.6,118,34.1,47.3,50,23,35,82,1
162,NYI,2011,225,2408,1489,25.7,-185,38.2,25.9,67,34,38,82,0
157,NYR,2011,224,2453,1060,26.6,86,37.9,46.5,54,24,30,82,1
173,OTT,2011,190,2381,1143,27.0,-269,25.2,30.599999999999998,57,21,36,82,0
169,PHI,2011,256,2605,1111,27.3,214,51.3,39.2,76,36,51,82,1
164,PIT,2011,228,2582,1372,27.2,123,40.1,46.6,66,32,42,82,1
170,SJS,2011,243,2832,921,26.8,110,45.8,42.4,73,37,49,82,1
163,STL,2011,236,2475,1209,25.4,24,42.8,36.4,62,31,32,82,0
159,TBL,2011,241,2605,881,27.5,-66,44.8,34.4,99,45,68,82,1
151,TOR,2011,213,2360,967,25.3,-112,34.1,30.4,64,32,41,82,0
166,VAN,2011,258,2624,933,26.6,245,52.1,50.2,104,41,75,82,1
172,WPG,2011,218,2581,908,26.1,-179,36.2,24.8,59,29,41,82,0
171,WSH,2011,219,2566,906,27.2,118,35.8,47.199999999999996,85,32,53,82,1
204,ANA,2012,201,2291,962,27.1,-88,31.3,34.8,66,37,46,82,0
198,ARI,2012,210,2429,739,27.4,85,34.3,41.7,77,35,53,82,1
182,BOS,2012,260,2653,1093,27.5,286,56.5,43.5,67,29,42,82,1
192,BUF,2012,211,2397,886,25.9,-41,34.4,33.5,73,30,43,82,0
206,CAR,2012,212,2497,751,26.0,-143,35.9,30.1,70,24,46,82,0
185,CBJ,2012,198,2454,1021,26.0,-233,30.099999999999998,24.5,59,30,39,82,0
209,CGY,2012,199,2258,865,27.6,-125,30.4,35.5,67,32,38,82,0
205,CHI,2012,241,2583,828,26.5,84,47.6,32.9,77,33,48,82,1
208,COL,2012,199,2583,890,25.3,-79,30.2,38.0,55,22,37,82,0
184,DAL,2012,204,2315,1008,27.2,18,32.7,36.8,71,35,45,82,0
196,DET,2012,239,2638,675,28.5,212,46.9,44.8,69,29,48,82,1
186,EDM,2012,207,2186,922,26.2,-136,34.0,31.2,76,34,42,82,0
189,FLA,2012,197,2433,762,28.0,-107,28.6,35.2,61,27,49,82,1
199,LAK,2012,188,2509,917,26.6,26,25.9,52.0,76,25,51,82,1
187,MIN,2012,166,2174,978,26.0,-205,16.1,35.5,53,24,32,82,0
191,MTL,2012,207,2340,934,27.2,-81,33.7,36.4,65,35,44,82,0
180,NJD,2012,216,2253,924,28.1,-63,36.5,42.5,83,37,52,82,1
207,NSH,2012,232,2261,677,26.0,53,43.9,40.2,58,27,39,79,1
193,NYI,2012,196,2410,755,26.6,-285,28.4,27.2,81,36,50,82,0
188,NYR,2012,222,2338,1045,26.7,143,39.7,48.9,76,41,41,82,1
203,OTT,2012,243,2574,1121,25.9,79,49.3,31.0,84,35,59,82,1
200,PHI,2012,260,2641,1300,26.6,117,55.7,34.6,93,37,65,82,1
195,PIT,2012,273,2779,868,27.6,142,61.1,38.4,109,50,59,82,1
201,SJS,2012,219,2773,767,27.6,50,38.6,41.8,77,31,59,82,1
194,STL,2012,206,2512,1046,26.4,207,33.7,56.7,54,24,39,82,1
190,TBL,2012,232,2227,849,27.4,-148,43.800000000000004,19.4,97,60,49,82,0
181,TOR,2012,227,2322,808,25.7,-149,42.699999999999996,24.3,82,37,45,82,0
197,VAN,2012,241,2583,1039,27.6,159,47.5,43.7,81,30,67,82,1
183,WPG,2012,221,2471,901,25.8,-37,39.7,29.6,64,30,47,82,0
202,WSH,2012,218,2295,751,27.2,-18,38.0,34.5,65,38,35,82,1
0,ANA,2013,228,2301,896,27.3,165,42.88,44.08,83,25,58,82,1
1,ARI,2013,206,2531,840,27.7,41,33.83,36.22,51,22,35,82,0
2,BOS,2013,216,2659,973,27.7,189,37.41,47.32,61,30,39,82,1
3,BUF,2013,201,2287,1062,26.5,-78,31.6,28.87,70,34,35,82,0
4,CAR,2013,216,2639,905,26.1,-177,37.24,20.33,90,39,59,82,0
5,CBJ,2013,196,2191,1016,25.8,15,29.04,42.37,51,22,30,82,0
6,CGY,2013,223,2255,893,27.3,-300,39.08,22.16,55,26,40,82,0
7,CHI,2013,254,2552,748,26.5,367,53.47,52.79,93,39,54,82,1
8,COL,2013,194,2417,1007,26.0,-189,28.53,24.43,73,30,44,82,0
9,DAL,2013,218,2154,1033,27.4,-64,38.78,29.72,56,23,41,82,0
10,DET,2013,208,2471,790,27.5,61,34.17,45.27,83,25,63,82,1
11,EDM,2013,210,2195,864,27.0,-114,34.68,32.63,85,29,58,82,0
12,FLA,2013,186,2391,913,27.3,-452,23.58,15.38,59,25,39,82,0
13,LAK,2013,223,2444,804,26.6,87,40.49,45.44,71,44,54,82,1
14,MIN,2013,201,2360,920,26.8,-70,31.95,39.29,64,30,47,82,1
15,MTL,2013,249,2507,1066,27.3,133,52.45,40.15,66,25,46,82,1
16,NJD,2013,187,2326,845,28.4,-102,24.09,39.97,61,25,37,82,0
17,NSH,2013,186,2125,787,26.1,-117,24.77,32.8,47,20,32,82,0
18,NYI,2013,230,2536,777,27.8,-46,43.05,32.97,80,47,49,82,1
19,NYR,2013,215,2533,738,27.4,167,36.9,46.3,75,35,44,82,1
20,OTT,2013,191,2717,1108,25.6,58,27.67,49.03,49,20,41,82,1
21,PHI,2013,225,2381,1259,27.5,-152,41.34,31.09,82,37,59,82,0
22,PIT,2013,276,2456,941,28.5,281,62.35,42.54,95,37,70,82,1
23,SJS,2013,198,2606,883,28.1,-71,30.58,44.42,68,35,56,82,1
24,STL,2013,211,2282,879,27.1,13,36.05,47.83,61,30,37,82,1
25,TBL,2013,251,2260,968,26.5,-1,52.45,25.8,102,49,73,82,0
26,TOR,2013,247,2159,1305,26.4,29,51.25,33.83,88,34,54,82,1
27,VAN,2013,208,2306,1033,27.2,51,34.17,41.85,76,22,58,82,1
28,WPG,2013,215,2372,900,26.3,-68,37.07,29.55,78,32,47,82,0
29,WSH,2013,249,2306,867,27.2,68,50.91,34.85,95,54,68,82,1
264,ANA,2014,263,2569,882,27.2,305,56.800000000000004,42.0,87,43,56,82,1
258,ARI,2014,210,2499,792,27.2,-74,34.4,34.8,53,24,45,82,0
242,BOS,2014,258,2613,876,26.6,392,55.1,51.9,69,30,50,82,1
252,BUF,2014,150,2156,889,25.6,-400,8.9,27.8,44,21,27,80,0
266,CAR,2014,205,2561,640,27.0,-104,32.3,34.7,61,33,40,82,0
245,CBJ,2014,226,2431,902,26.3,19,41.7,39.199999999999996,63,33,44,82,1
269,CGY,2014,202,2199,846,25.6,-182,30.900000000000002,32.5,54,26,37,82,0
265,CHI,2014,261,2715,681,26.8,218,55.6,39.8,78,34,55,82,1
268,COL,2014,245,2420,869,26.9,129,49.2,36.7,70,28,47,82,1
244,DAL,2014,231,2597,886,27.9,34,42.7,35.1,84,37,47,81,1
256,DET,2014,217,2456,705,27.3,-16,37.2,35.2,49,28,41,82,1
246,EDM,2014,199,2208,946,26.7,-330,30.4,21.9,80,28,53,80,0
249,FLA,2014,188,2451,838,27.6,-196,25.3,23.2,38,21,30,82,0
259,LAK,2014,198,2595,870,26.9,179,29.7,55.0,70,29,41,82,1
247,MIN,2014,199,2180,769,27.2,50,29.599999999999998,43.9,60,30,43,82,1
251,MTL,2014,209,2330,1045,27.4,4,34.9,42.7,60,39,43,82,1
240,NJD,2014,197,2199,634,28.8,-51,28.8,44.6,67,25,43,82,0
267,NSH,2014,214,2382,790,26.2,-98,36.5,31.9,56,24,33,81,0
253,NYI,2014,216,2537,1007,26.2,-194,36.8,24.3,69,27,42,82,0
248,NYR,2014,214,2719,809,27.4,58,35.6,46.300000000000004,59,26,40,82,1
263,OTT,2014,229,2692,1086,26.1,-90,42.699999999999996,23.2,74,26,54,82,0
260,PHI,2014,233,2490,1170,27.7,-32,44.4,33.3,86,29,58,82,1
255,PIT,2014,242,2454,818,27.6,44,48.4,43.1,104,36,68,82,1
261,SJS,2014,239,2851,727,28.1,144,46.4,45.4,79,41,65,82,1
254,STL,2014,239,2402,1146,27.5,164,46.699999999999996,49.199999999999996,62,33,43,82,1
250,TBL,2014,232,2446,820,26.0,114,43.4,39.9,61,29,42,82,1
241,TOR,2014,222,2290,1032,26.1,-126,40.4,25.2,80,37,43,82,0
257,VAN,2014,191,2527,1101,26.6,-102,27.1,38.6,50,25,39,81,0
243,WPG,2014,219,2516,953,25.5,-18,39.300000000000004,33.699999999999996,69,28,41,82,0
262,WSH,2014,225,2412,942,26.1,-114,40.1,31.0,79,51,61,82,0
293,ANA,2015,228,2458,875,26.7,86,42.2,37.1,70,33,45,82,1
296,ARI,2015,165,2393,766,26.3,-422,16.5,21.6,43,23,37,82,0
272,BOS,2015,209,2546,764,26.2,62,34.2,40.7,55,24,32,82,0
282,BUF,2015,153,1984,833,25.4,-419,11.3,20.0,46,20,28,82,0
295,CAR,2015,183,2524,537,26.0,-270,23.1,37.4,54,23,34,82,0
275,CBJ,2015,227,2366,966,25.9,-93,42.2,27.5,73,31,45,82,0
299,CGY,2015,237,2252,608,25.9,45,46.8,39.8,76,31,45,81,1
294,CHI,2015,220,2777,570,26.8,114,38.8,46.9,66,28,39,82,1
298,COL,2015,209,2286,753,26.5,-70,34.5,34.2,59,29,41,82,0
274,DAL,2015,257,2558,771,27.1,-48,54.8,25.9,87,37,52,82,0
286,DET,2015,231,2429,702,27.7,14,43.300000000000004,38.2,66,29,49,82,1
276,EDM,2015,193,2331,667,25.3,-371,27.4,18.7,63,24,39,82,0
279,FLA,2015,198,2516,715,27.8,-21,29.8,37.3,54,24,39,82,0
288,LAK,2015,218,2536,734,27.2,79,38.3,44.199999999999996,64,28,48,82,0
277,MIN,2015,227,2522,714,27.3,106,41.8,44.5,62,33,36,82,1
281,MTL,2015,214,2334,821,27.1,145,37.0,47.5,67,37,45,82,1
270,NJD,2015,176,2008,746,29.2,-115,20.900000000000002,38.9,43,27,27,82,0
297,NSH,2015,226,2614,683,27.0,123,41.6,43.0,63,26,47,82,1
283,NYI,2015,245,2771,682,26.6,81,49.4,35.6,86,38,48,82,1
278,NYR,2015,248,2582,696,27.2,276,51.1,46.9,69,42,41,82,1
292,OTT,2015,232,2539,821,25.9,100,43.7,38.4,66,27,45,82,1
289,PHI,2015,212,2413,809,26.8,-52,35.5,33.5,81,28,59,82,0
285,PIT,2015,217,2594,1099,27.3,26,38.3,41.8,84,28,56,82,1
290,SJS,2015,224,2591,750,26.7,-64,40.5,34.1,70,37,49,82,0
284,STL,2015,239,2535,890,28.2,138,46.300000000000004,45.0,73,37,40,81,1
280,TBL,2015,259,2428,794,26.0,207,55.0,41.4,72,43,47,82,1
271,TOR,2015,206,2397,813,26.7,-238,33.3,24.2,61,27,36,82,0
287,VAN,2015,236,2453,860,26.9,31,46.7,37.1,76,31,56,82,1
273,WPG,2015,223,2439,1054,26.3,114,41.699999999999996,42.6,62,26,38,82,1
291,WSH,2015,237,2419,847,27.0,126,46.0,43.5,81,53,60,82,1
323,ANA,2016,215,2483,1005,26.6,31,37.1,47.2,63,34,50,82,1
326,ARI,2016,208,2265,999,26.7,-96,33.5,29.900000000000002,55,28,34,82,0
302,BOS,2016,236,2620,919,27.1,20,45.1,34.5,68,37,46,82,0
312,BUF,2016,199,2418,731,25.2,-144,28.900000000000002,36.4,60,24,39,82,0
325,CAR,2016,196,2451,544,25.3,-167,28.1,37.1,51,28,28,82,0
305,CBJ,2016,213,2387,981,25.3,-133,35.3,27.5,53,31,32,82,0
329,CGY,2016,229,2398,740,25.9,-104,42.5,26.1,78,30,48,82,0
324,CHI,2016,234,2498,581,27.1,57,44.5,40.1,106,46,60,82,1
328,COL,2016,212,2348,754,26.6,-141,35.0,30.099999999999998,59,30,39,82,0
304,DAL,2016,265,2624,701,26.5,106,56.8,35.0,89,41,48,82,1
316,DET,2016,209,2432,700,27.2,-56,33.1,36.1,50,23,37,82,1
306,EDM,2016,199,2386,776,25.8,-206,29.4,29.3,65,26,39,82,0
309,FLA,2016,232,2358,829,26.9,182,43.3,42.7,66,28,42,82,1
318,LAK,2016,223,2625,856,27.5,158,40.4,46.9,74,31,49,82,1
307,MIN,2016,213,2374,525,26.4,29,35.7,42.6,56,25,43,82,1
311,MTL,2016,216,2504,764,25.8,-78,37.3,33.2,64,30,45,82,0
300,NJD,2016,182,2003,798,26.2,-147,22.6,41.699999999999996,57,30,28,82,0
327,NSH,2016,224,2507,794,26.4,34,40.2,40.8,64,33,47,82,1
313,NYI,2016,227,2412,694,26.7,32,41.0,38.5,70,33,42,81,1
308,NYR,2016,233,2336,698,27.7,137,43.6,38.2,61,27,42,82,1
322,OTT,2016,230,2325,880,25.9,20,42.300000000000004,28.2,82,29,66,82,0
319,PHI,2016,211,2540,956,27.3,-16,34.4,37.9,67,32,45,82,1
315,PIT,2016,241,2722,687,26.8,165,47.300000000000004,42.5,85,36,51,82,1
320,SJS,2016,237,2491,707,27.4,49,45.7,42.1,82,38,63,82,1
314,STL,2016,219,2474,847,27.2,46,38.3,43.3,74,40,39,82,1
310,TBL,2016,224,2402,795,25.9,87,40.1,43.300000000000004,66,36,37,81,1
301,TOR,2016,192,2515,724,25.4,-186,26.9,29.3,45,20,28,82,0
317,VAN,2016,186,2311,803,26.5,-229,23.8,29.5,61,28,44,82,0
303,WPG,2016,212,2427,910,25.1,-32,35.4,32.0,78,29,52,82,0
321,WSH,2016,248,2510,739,26.8,190,49.7,46.1,77,50,57,82,1
353,ANA,2017,220,2425,924,26.3,96,37.6,45.7,73,33,58,82,1
356,ARI,2017,191,2281,795,25.3,-235,25.3,26.0,55,20,35,82,0
332,BOS,2017,232,2721,817,26.4,17,41.5,43.3,85,39,46,82,1
342,BUF,2017,199,2491,725,24.9,-183,27.8,32.4,57,28,39,82,0
355,CAR,2017,212,2493,450,25.7,-144,32.8,35.5,63,37,34,82,0
335,CBJ,2017,247,2540,706,25.1,217,48.0,46.1,62,35,46,82,1
359,CGY,2017,222,2388,940,26.0,-12,38.0,39.7,61,27,43,82,1
354,CHI,2017,240,2508,566,27.7,162,45.2,40.6,89,34,55,82,1
358,COL,2017,165,2303,747,26.0,-410,14.2,21.5,53,20,37,82,0
334,DAL,2017,222,2505,790,26.8,-91,37.6,27.3,72,26,46,82,0
346,DET,2017,198,2335,702,26.8,-187,26.9,31.7,68,25,51,82,0
336,EDM,2017,243,2547,724,25.6,98,46.199999999999996,41.5,100,30,70,82,1
339,FLA,2017,205,2644,797,26.9,-184,30.599999999999998,33.5,54,30,36,82,0
348,LAK,2017,199,2553,736,28.1,-74,28.3,46.4,66,32,40,82,0
337,MIN,2017,263,2527,653,26.3,231,54.6,42.6,69,28,43,82,1
341,MTL,2017,223,2459,747,26.3,120,37.6,45.9,67,35,36,82,1
330,NJD,2017,180,2279,803,25.8,-269,20.1,31.7,53,26,33,82,0
357,NSH,2017,238,2557,819,26.9,58,43.9,38.2,61,31,47,82,1
343,NYI,2017,239,2480,638,26.8,24,44.5,31.700000000000003,66,34,43,82,0
338,NYR,2017,253,2438,579,26.4,157,50.0,38.9,59,28,44,82,1
352,OTT,2017,206,2463,824,26.8,19,30.9,41.0,71,27,54,82,1
349,PHI,2017,212,2585,826,26.6,-131,33.0,35.3,61,31,44,82,0
345,PIT,2017,278,2745,685,27.4,197,60.4,34.2,89,44,47,82,1
350,SJS,2017,219,2453,622,27.0,77,36.1,46.2,76,29,47,82,1
344,STL,2017,233,2330,706,26.6,24,42.300000000000004,40.6,75,39,36,82,1
340,TBL,2017,230,2452,857,25.8,-47,40.5,36.8,85,40,56,81,0
331,TOR,2017,250,2617,781,25.5,3,48.9,31.5,69,40,42,82,1
347,VAN,2017,178,2273,638,26.1,-233,19.6,31.8,52,20,35,82,0
333,WPG,2017,246,2448,817,25.2,-1,47.6,28.1,82,36,50,82,0
351,WSH,2017,261,2495,738,26.6,345,54.0,51.7,86,33,63,82,1
383,ANA,2018,231,2475,798,27.7,129,34.9,44.1,69,34,50,80,1
386,ARI,2018,206,2450,628,24.5,-210,25.1,33.8,65,23,42,82,0
362,BOS,2018,267,2703,764,26.9,163,48.1,46.9,85,35,51,82,1
372,BUF,2018,198,2557,653,25.7,-394,22.2,27.0,64,25,39,82,0
385,CAR,2018,225,2780,498,24.7,-143,31.9,34.8,65,29,41,82,0
365,CBJ,2018,236,2761,537,25.8,96,36.0,41.300000000000004,82,27,55,82,1
390,CGY,2018,216,2759,892,26.9,-118,29.0,36.7,84,31,60,82,0
384,CHI,2018,228,2793,597,26.1,-107,33.8,33.2,76,28,49,82,0
389,COL,2018,255,2432,703,24.8,-12,43.8,38.0,97,39,58,81,1
364,DAL,2018,231,2560,814,27.1,56,35.0,43.300000000000004,79,40,59,82,0
376,DET,2018,212,2490,710,27.5,-131,27.2,34.3,63,24,47,82,0
366,EDM,2018,229,2740,742,25.8,-55,33.4,32.2,108,41,67,82,0
369,FLA,2018,245,2822,887,25.9,-12,39.7,35.2,78,31,51,82,0
378,LAK,2018,237,2544,725,27.7,122,36.800000000000004,49.4,92,35,57,82,1
367,MIN,2018,250,2476,664,27.0,109,42.1,40.7,76,42,46,82,1
371,MTL,2018,207,2687,692,26.6,-186,25.6,31.3,54,31,33,82,0
360,NJD,2018,243,2599,670,26.2,-42,39.0,36.9,93,39,54,82,1
387,NSH,2018,261,2641,900,26.7,245,45.9,45.8,64,29,43,82,1
373,NYI,2018,261,2572,621,26.9,-136,46.0,21.6,85,40,63,82,0
368,NYR,2018,228,2538,635,26.2,-210,33.5,29.3,53,27,37,82,0
382,OTT,2018,219,2515,633,26.7,-268,29.8,23.8,62,23,53,82,0
379,PHI,2018,249,2631,663,26.2,67,41.199999999999996,38.0,102,34,68,82,1
375,PIT,2018,270,2823,759,26.6,11,49.199999999999996,35.800000000000004,98,42,60,82,1
380,SJS,2018,247,2702,612,27.7,1,40.7,41.8,67,34,55,82,1
374,STL,2018,223,2677,615,27.2,38,31.5,44.1,70,33,42,82,0
370,TBL,2018,290,2680,739,26.5,258,56.800000000000004,38.4,100,39,61,82,1
361,TOR,2018,270,2640,548,26.7,122,48.8,39.2,69,36,47,82,1
377,VAN,2018,218,2464,692,26.4,-187,29.4,31.8,55,29,47,82,0
388,VEG,2018,268,2686,546,26.3,145,48.8,42.0,78,43,50,82,1
363,WPG,2018,273,2643,667,25.6,205,50.4,44.0,91,44,68,82,1
381,WSH,2018,256,2379,780,26.4,71,44.1,38.5,87,49,56,82,1
414,ANA,2019,196,2271,718,26.2,-181,19.8,35.1,48,24,34,82,0
417,ARI,2019,209,2522,567,25.3,-116,24.7,43.9,47,19,33,82,0
393,BOS,2019,257,2680,783,26.1,127,42.0,46.4,100,38,64,81,1
403,BUF,2019,221,2697,562,25.5,-259,28.9,29.900000000000002,82,40,54,82,0
416,CAR,2019,243,2822,604,24.7,94,37.6,44.9,83,30,55,82,1
396,CBJ,2019,256,2592,498,25.5,90,42.1,41.7,87,41,59,82,1
421,CGY,2019,289,2656,677,25.9,297,54.0,43.9,99,36,63,82,1
415,CHI,2019,267,2669,580,26.1,-62,45.699999999999996,24.1,110,44,66,82,0
420,COL,2019,258,2676,742,25.7,39,42.8,36.8,99,41,58,82,1
395,DAL,2019,209,2519,615,26.9,0,24.6,48.7,80,33,47,82,1
407,DET,2019,224,2394,625,26.6,-174,30.2,28.4,73,32,41,79,0
397,EDM,2019,229,2392,736,26.0,-150,31.900000000000002,29.9,116,50,75,82,0
400,FLA,2019,264,2705,676,26.4,-199,44.7,28.500000000000004,96,36,62,82,0
409,LAK,2019,199,2358,647,26.8,-230,20.5,32.7,60,22,38,82,0
398,MIN,2019,210,2567,626,27.6,-147,24.8,40.8,61,28,40,82,0
402,MTL,2019,246,2796,662,26.8,118,38.8,39.800000000000004,72,33,44,82,0
391,NJD,2019,219,2488,723,25.5,-286,28.6,29.8,50,27,30,82,0
418,NSH,2019,236,2678,656,27.0,169,35.2,46.4,64,34,50,82,1
404,NYI,2019,223,2360,630,27.7,196,29.7,51.0,62,28,44,82,1
399,NYR,2019,221,2393,824,25.5,-171,28.5,29.7,74,30,44,82,0
413,OTT,2019,242,2429,687,25.6,-305,37.0,21.0,62,28,41,81,0
410,PHI,2019,241,2583,715,26.2,-144,36.800000000000004,27.4,85,33,63,82,0
406,PIT,2019,271,2731,661,27.0,95,47.6,37.8,100,40,65,82,1
411,SJS,2019,289,2708,723,27.6,67,54.5,34.7,83,38,67,82,1
405,STL,2019,244,2604,595,27.1,71,37.7,45.0,77,33,49,82,1
401,TBL,2019,319,2620,763,26.5,298,65.2,43.4,128,45,87,82,1
392,TOR,2019,286,2736,481,26.1,143,53.3,35.0,94,47,68,82,1
408,VAN,2019,219,2433,715,25.6,-135,27.8,34.9,66,28,38,82,0
419,VEG,2019,246,2814,573,27.5,90,38.3,42.6,59,25,34,82,1
394,WPG,2019,270,2557,745,25.6,60,47.0,36.6,91,38,71,82,1
412,WSH,2019,274,2492,710,27.1,143,48.5,36.5,89,51,57,82,1
30,ANA,2020,210,2432,816,26.3,-122,25.41,33.15,49,30,33,82,0
31,ARI,2020,222,2600,513,26.8,-10,29.87,44.05,52,25,39,82,1
32,BOS,2020,265,2632,775,26.6,201,45.69,49.55,111,56,69,82,1
33,BUF,2020,229,2401,552,26.0,-85,32.09,34.46,92,42,49,82,0
34,CAR,2020,261,2726,684,26.2,82,44.74,42.09,79,45,57,82,1
35,CBJ,2020,210,2661,517,24.8,-19,24.83,45.69,57,24,36,82,1
36,CGY,2020,238,2591,701,26.9,-108,35.73,35.73,71,33,46,82,1
37,CHI,2020,243,2608,620,25.7,-28,38.07,33.39,98,38,59,82,1
38,COL,2020,276,2643,673,25.9,226,50.02,43.46,108,41,67,82,1
39,DAL,2020,211,2511,653,27.7,15,25.43,46.7,59,23,39,82,1
40,DET,2020,164,2222,666,27.0,-575,7.62,20.44,61,24,39,82,0
41,EDM,2020,257,2425,640,26.9,-125,43.31,36.03,127,49,77,82,1
42,FLA,2020,270,2677,575,26.5,-11,48.96,31.14,92,34,65,82,1
43,LAK,2020,207,2723,547,26.3,-148,24.25,37.49,72,24,48,82,0
44,MIN,2020,259,2468,641,27.5,2,44.09,33.99,64,29,47,82,1
45,MTL,2020,240,2797,600,26.4,-12,36.61,34.88,70,25,45,82,1
46,NJD,2020,219,2515,767,25.6,-254,28.88,30.42,53,29,36,82,0
47,NSH,2020,251,2717,705,27.6,45,40.41,34.46,77,24,58,82,1
48,NYI,2020,227,2431,674,27.6,7,31.96,40.88,72,31,49,82,1
49,NYR,2020,272,2547,886,25.2,50,49.67,32.8,111,48,73,82,1
50,OTT,2020,219,2510,748,25.6,-146,28.18,27.72,50,27,38,82,0
51,PHI,2020,269,2574,606,26.0,139,47.66,42.66,72,28,52,82,1
52,PIT,2020,262,2619,597,27.2,82,45.4,42.31,87,32,58,82,1
53,SJS,2020,210,2461,821,26.8,-289,26.24,32.8,57,30,39,82,0
54,STL,2020,257,2516,560,26.8,131,43.19,44.81,70,28,56,82,1
55,TBL,2020,284,2549,811,27.3,238,53.18,42.87,99,38,60,82,1
56,TOR,2020,277,2696,534,25.4,64,50.25,31.75,93,55,59,82,1
57,VAN,2020,266,2558,738,26.5,-43,46.23,33.28,85,32,53,82,1
58,VEG,2020,258,2829,625,27.1,113,43.43,39.15,76,36,48,82,1
59,WPG,2020,246,2566,583,25.9,35,38.11,39.96,84,43,50,82,1
60,WSH,2020,280,2621,811,27.5,131,51.46,35.41,89,57,71,82,1
61,ANA,2021,181,2196,717,26.6,-224,16.99,31.04,48,23,27,82,0
62,ARI,2021,219,2252,629,26.1,-231,31.34,32.36,62,29,39,82,0
63,BOS,2021,240,2732,774,26.6,139,38.8,49.93,101,42,58,82,1
64,BUF,2021,196,2331,483,26.0,-458,21.67,21.96,58,36,27,82,0
65,CAR,2021,256,2626,588,26.2,169,44.81,49.79,83,35,48,82,1
66,CBJ,2021,196,2379,540,25.9,-297,21.52,27.24,64,26,38,82,0
67,CGY,2021,226,2473,651,26.8,-27,34.12,38.36,71,27,43,82,0
68,CHI,2021,232,2394,518,25.1,-209,35.29,26.94,96,46,74,82,0
69,COL,2021,288,2836,710,26.3,341,57.84,52.86,96,43,65,82,1
70,DAL,2021,228,2487,579,27.5,32,34.26,43.34,74,36,42,82,0
71,DET,2021,183,2237,576,27.4,-178,16.99,33.53,38,16,35,82,0
72,EDM,2021,267,2451,617,27.1,52,49.2,40.56,153,48,105,82,1
73,FLA,2021,275,2861,817,25.9,196,52.71,42.02,89,38,60,82,1
74,LAK,2021,207,2323,552,25.2,-244,26.94,34.56,73,24,54,82,0
75,MIN,2021,263,2320,717,28.0,161,47.88,38.8,74,39,38,82,1
76,MTL,2021,231,2556,660,27.2,1,35.73,36.46,64,41,43,82,1
77,NJD,2021,212,2360,509,24.8,-191,28.55,24.75,51,24,33,82,0
78,NSH,2021,229,2549,762,26.7,45,33.26,42.37,50,19,37,82,1
79,NYI,2021,222,2376,533,28.1,147,32.36,52.42,65,26,42,82,1
80,NYR,2021,257,2353,806,24.7,90,45.25,40.12,84,35,61,82,0
81,OTT,2021,226,2435,730,25.2,-200,33.53,25.77,52,30,36,82,0
82,PHI,2021,234,2477,645,25.7,-185,36.75,22.4,62,29,49,82,0
83,PIT,2021,282,2465,563,27.4,254,54.62,40.12,90,35,55,82,1
84,SJS,2021,213,2462,711,26.2,-270,29.43,22.84,71,32,39,82,0
85,STL,2021,244,2375,647,26.9,4,40.41,35.14,84,35,57,82,1
86,TBL,2021,263,2477,856,27.1,142,47.59,44.95,70,33,52,82,1
87,TOR,2021,272,2563,556,27.3,275,51.25,44.37,98,60,68,82,1
88,VAN,2021,216,2385,777,26.2,-235,29.87,26.94,71,33,55,82,0
89,VEG,2021,278,2678,568,27.2,385,53.59,55.2,89,35,58,82,1
90,WPG,2021,248,2432,574,26.6,49,42.02,40.56,92,38,61,82,1
91,WSH,2021,275,2411,757,28.9,92,52.57,38.22,77,35,55,82,1
508,ANA,2022,228,2393,745,26.0,-222,28.5,33.1,67,37,38,82,0
511,ARI,2022,206,2121,828,26.4,-345,20.7,21.8,63,28,44,82,0
486,BOS,2022,253,2962,793,27.4,129,37.6,48.2,80,40,48,82,1
496,BUF,2022,229,2451,653,25.8,-281,28.5,28.3,68,38,40,80,0
510,CAR,2022,277,2798,730,26.6,292,45.8,53.4,81,37,44,82,1
489,CBJ,2022,258,2463,625,25.0,-170,38.9,24.700000000000003,62,28,56,82,0
515,CGY,2022,291,2908,720,27.8,362,50.7,51.7,115,42,75,82,1
509,CHI,2022,213,2362,622,25.2,-356,22.5,28.2,92,41,66,82,0
514,COL,2022,308,2874,724,26.5,272,57.0,42.699999999999996,92,36,59,81,1
488,DAL,2022,233,2486,541,28.0,-118,29.9,40.2,81,41,54,82,1
500,DET,2022,227,2414,721,26.6,-331,27.8,22.8,69,31,43,82,0
490,EDM,2022,285,2790,646,27.9,100,49.0,38.2,123,55,79,82,1
493,FLA,2022,337,3062,822,26.8,390,67.1,40.4,115,39,85,81,1
502,LAK,2022,235,2865,623,25.7,63,30.1,44.2,67,35,48,81,1
491,MIN,2022,305,2666,862,27.1,320,55.7,38.3,108,47,61,82,1
495,MTL,2022,218,2442,814,26.5,-335,25.0,20.5,61,23,40,82,0
484,NJD,2022,245,2562,644,24.6,-266,34.8,24.6,73,26,47,82,0
512,NSH,2022,262,2439,1015,26.2,23,41.0,38.3,96,43,73,82,1
497,NYI,2022,229,2367,715,29.2,-81,29.0,41.7,59,37,44,82,0
492,NYR,2022,250,2392,665,25.9,146,36.4,50.2,96,52,74,82,1
507,OTT,2022,224,2463,808,25.3,-205,27.1,34.0,67,35,37,81,0
503,PHI,2022,210,2539,725,26.5,-311,22.0,26.1,52,24,36,82,0
499,PIT,2022,269,2849,556,27.7,143,42.699999999999996,44.2,84,40,58,82,1
506,SEA,2022,213,2380,686,26.9,-253,22.7,31.0,50,27,28,82,0
504,SJS,2022,211,2400,703,26.0,-301,22.1,35.8,76,35,44,82,0
498,STL,2022,309,2492,597,27.2,190,57.0,40.9,82,34,57,81,1
494,TBL,2022,285,2535,879,27.6,197,48.7,44.4,106,42,65,82,1
485,TOR,2022,312,2835,672,27.1,175,58.4,38.3,106,60,62,82,1
501,VAN,2022,246,2622,639,26.7,61,34.699999999999996,42.3,99,32,67,82,0
513,VEG,2022,262,2830,616,26.1,112,40.8,40.5,66,30,43,80,0
487,WPG,2022,250,2645,708,25.9,-11,36.1,36.199999999999996,93,47,46,81,0
505,WSH,2022,270,2577,613,27.6,119,43.2,41.7,90,50,54,79,1
540,ANA,2023,206,2326,899,26.2,-441,20.0,16.1,65,23,42,82,0
543,ARI,2023,225,2119,938,25.4,-164,27.3,26.2,86,37,49,82,0
518,BOS,2023,301,2703,847,28.5,487,53.4,59.1,113,61,52,82,1
528,BUF,2023,293,2665,588,25.5,-65,50.3,26.7,94,47,58,82,0
542,CAR,2023,262,2852,602,28.1,182,39.7,52.6,71,36,43,82,1
521,CBJ,2023,213,2399,644,24.9,-502,21.9,18.7,74,26,53,80,0
547,CGY,2023,258,2948,737,27.7,39,38.0,41.4,73,34,42,82,0
541,CHI,2023,202,2210,689,26.7,-433,18.4,26.5,49,20,31,81,0
546,COL,2023,274,2727,659,27.4,166,43.699999999999996,46.1,111,55,69,82,1
520,DAL,2023,281,2617,623,27.0,212,46.2,48.699999999999996,109,46,63,82,1
532,DET,2023,237,2312,648,25.9,-195,30.7,32.8,79,32,47,82,0
522,EDM,2023,325,2754,688,27.3,197,62.4,37.4,153,64,89,82,1
525,FLA,2023,288,3019,974,27.3,100,49.1,34.0,109,42,69,82,1
534,LAK,2023,274,2658,699,26.1,74,43.9,39.6,74,41,49,82,1
523,MIN,2023,239,2535,901,27.4,46,31.4,46.3,75,40,45,82,1
527,MTL,2023,227,2237,927,25.7,-227,27.2,24.7,66,26,40,82,0
516,NJD,2023,289,2821,610,25.3,277,49.0,47.9,99,43,56,82,1
544,NSH,2023,223,2416,767,26.6,-52,25.8,41.7,59,22,41,82,0
529,NYI,2023,242,2524,648,27.3,122,32.2,47.199999999999996,75,36,39,82,1
524,NYR,2023,273,2582,605,26.9,191,43.0,48.7,92,39,63,82,1
539,OTT,2023,259,2746,977,25.7,-140,38.9,34.1,90,39,51,82,0
535,PHI,2023,220,2413,841,25.9,-166,25.4,33.1,61,31,36,82,0
531,PIT,2023,261,2818,687,29.0,-52,39.4,35.300000000000004,93,36,60,82,0
538,SEA,2023,289,2497,672,27.4,213,49.2,40.4,70,40,50,82,1
536,SJS,2023,233,2415,647,26.7,-411,29.400000000000002,21.400000000000002,101,31,76,82,0
530,STL,2023,260,2341,629,27.2,-150,38.7,26.8,73,37,47,82,0
526,TBL,2023,280,2621,971,28.1,35,45.8,38.7,113,51,83,82,1
517,TOR,2023,278,2628,675,27.1,190,45.0,48.1,99,40,69,82,1
533,VAN,2023,270,2438,710,25.6,-119,41.8,28.1,102,39,69,81,0
545,VEG,2023,267,2587,583,27.4,189,40.8,45.2,66,28,49,82,1
519,WPG,2023,246,2486,689,27.0,20,34.5,46.6,80,42,60,82,1
537,WSH,2023,253,2549,705,28.7,-125,36.2,36.3,75,42,43,82,0
